risk_band,transactions,avg_risk_score,actual_fraud_rate
High Risk,73,89.45205479452055,0.9726027397260274
Low Risk,56866,0.03415045897372771,0.0002637780044314705
Medium Risk,23,36.47826086956522,0.5217391304347826
